<?xml version="1.0" encoding="UTF-8"?>
<GenRun Id="impl_1" LaunchPart="xc7a100tfgg484-1" LaunchTime="1699422260">
  <File Type="BITSTR-BMM" Name="dff_bd.bmm"/>
  <File Type="OPT-METHODOLOGY-DRC" Name="dff_methodology_drc_opted.rpt"/>
  <File Type="INIT-TIMING" Name="dff_timing_summary_init.rpt"/>
  <File Type="ROUTE-PWR" Name="dff_power_routed.rpt"/>
  <File Type="PA-TCL" Name="dff.tcl"/>
  <File Type="OPT-TIMING" Name="dff_timing_summary_opted.rpt"/>
  <File Type="OPT-DCP" Name="dff_opt.dcp"/>
  <File Type="ROUTE-PWR-SUM" Name="dff_power_summary_routed.pb"/>
  <File Type="REPORTS-TCL" Name="dff_reports.tcl"/>
  <File Type="OPT-DRC" Name="dff_drc_opted.rpt"/>
  <File Type="OPT-HWDEF" Name="dff.hwdef"/>
  <File Type="PWROPT-DCP" Name="dff_pwropt.dcp"/>
  <File Type="PWROPT-DRC" Name="dff_drc_pwropted.rpt"/>
  <File Type="PWROPT-TIMING" Name="dff_timing_summary_pwropted.rpt"/>
  <File Type="PLACE-DCP" Name="dff_placed.dcp"/>
  <File Type="PLACE-IO" Name="dff_io_placed.rpt"/>
  <File Type="PLACE-CLK" Name="dff_clock_utilization_placed.rpt"/>
  <File Type="PLACE-UTIL" Name="dff_utilization_placed.rpt"/>
  <File Type="PLACE-UTIL-PB" Name="dff_utilization_placed.pb"/>
  <File Type="PLACE-CTRL" Name="dff_control_sets_placed.rpt"/>
  <File Type="PLACE-SIMILARITY" Name="dff_incremental_reuse_placed.rpt"/>
  <File Type="PLACE-PRE-SIMILARITY" Name="dff_incremental_reuse_pre_placed.rpt"/>
  <File Type="BG-BGN" Name="dff.bgn"/>
  <File Type="PLACE-TIMING" Name="dff_timing_summary_placed.rpt"/>
  <File Type="POSTPLACE-PWROPT-DCP" Name="dff_postplace_pwropt.dcp"/>
  <File Type="BG-BIN" Name="dff.bin"/>
  <File Type="POSTPLACE-PWROPT-TIMING" Name="dff_timing_summary_postplace_pwropted.rpt"/>
  <File Type="PHYSOPT-DCP" Name="dff_physopt.dcp"/>
  <File Type="PHYSOPT-DRC" Name="dff_drc_physopted.rpt"/>
  <File Type="BITSTR-MSK" Name="dff.msk"/>
  <File Type="PHYSOPT-TIMING" Name="dff_timing_summary_physopted.rpt"/>
  <File Type="ROUTE-ERROR-DCP" Name="dff_routed_error.dcp"/>
  <File Type="ROUTE-DCP" Name="dff_routed.dcp"/>
  <File Type="ROUTE-BLACKBOX-DCP" Name="dff_routed_bb.dcp"/>
  <File Type="ROUTE-DRC" Name="dff_drc_routed.rpt"/>
  <File Type="ROUTE-DRC-PB" Name="dff_drc_routed.pb"/>
  <File Type="BITSTR-LTX" Name="debug_nets.ltx"/>
  <File Type="BITSTR-LTX" Name="dff.ltx"/>
  <File Type="ROUTE-DRC-RPX" Name="dff_drc_routed.rpx"/>
  <File Type="BITSTR-MMI" Name="dff.mmi"/>
  <File Type="ROUTE-METHODOLOGY-DRC" Name="dff_methodology_drc_routed.rpt"/>
  <File Type="ROUTE-METHODOLOGY-DRC-RPX" Name="dff_methodology_drc_routed.rpx"/>
  <File Type="BITSTR-SYSDEF" Name="dff.sysdef"/>
  <File Type="ROUTE-METHODOLOGY-DRC-PB" Name="dff_methodology_drc_routed.pb"/>
  <File Type="ROUTE-PWR-RPX" Name="dff_power_routed.rpx"/>
  <File Type="ROUTE-STATUS" Name="dff_route_status.rpt"/>
  <File Type="ROUTE-STATUS-PB" Name="dff_route_status.pb"/>
  <File Type="ROUTE-TIMINGSUMMARY" Name="dff_timing_summary_routed.rpt"/>
  <File Type="ROUTE-TIMING-PB" Name="dff_timing_summary_routed.pb"/>
  <File Type="ROUTE-TIMING-RPX" Name="dff_timing_summary_routed.rpx"/>
  <File Type="ROUTE-SIMILARITY" Name="dff_incremental_reuse_routed.rpt"/>
  <File Type="ROUTE-CLK" Name="dff_clock_utilization_routed.rpt"/>
  <File Type="ROUTE-BUS-SKEW" Name="dff_bus_skew_routed.rpt"/>
  <File Type="ROUTE-BUS-SKEW-PB" Name="dff_bus_skew_routed.pb"/>
  <File Type="ROUTE-BUS-SKEW-RPX" Name="dff_bus_skew_routed.rpx"/>
  <File Type="POSTROUTE-PHYSOPT-DCP" Name="dff_postroute_physopt.dcp"/>
  <File Type="POSTROUTE-PHYSOPT-BLACKBOX-DCP" Name="dff_postroute_physopt_bb.dcp"/>
  <File Type="POSTROUTE-PHYSOPT-TIMING" Name="dff_timing_summary_postroute_physopted.rpt"/>
  <File Type="POSTROUTE-PHYSOPT-TIMING-PB" Name="dff_timing_summary_postroute_physopted.pb"/>
  <File Type="POSTROUTE-PHYSOPT-TIMING-RPX" Name="dff_timing_summary_postroute_physopted.rpx"/>
  <File Type="POSTROUTE-PHYSOPT-BUS-SKEW" Name="dff_bus_skew_postroute_physopted.rpt"/>
  <File Type="POSTROUTE-PHYSOPT-BUS-SKEW-PB" Name="dff_bus_skew_postroute_physopted.pb"/>
  <File Type="BG-BIT" Name="dff.bit"/>
  <File Type="POSTROUTE-PHYSOPT-BUS-SKEW-RPX" Name="dff_bus_skew_postroute_physopted.rpx"/>
  <File Type="BITSTR-RBT" Name="dff.rbt"/>
  <File Type="BITSTR-NKY" Name="dff.nky"/>
  <File Type="BG-DRC" Name="dff.drc"/>
  <File Type="RDI-RDI" Name="dff.vdi"/>
  <File Type="WBT-USG" Name="usage_statistics_webtalk.html"/>
  <FileSet Name="sources" Type="DesignSrcs" RelSrcDir="$PSRCDIR/sources_1">
    <Filter Type="Srcs"/>
    <File Path="$PSRCDIR/sources_1/new/dff.v">
      <FileInfo>
        <Attr Name="UsedIn" Val="synthesis"/>
        <Attr Name="UsedIn" Val="implementation"/>
        <Attr Name="UsedIn" Val="simulation"/>
      </FileInfo>
    </File>
    <Config>
      <Option Name="DesignMode" Val="RTL"/>
      <Option Name="TopModule" Val="dff"/>
      <Option Name="TopAutoSet" Val="TRUE"/>
    </Config>
  </FileSet>
  <FileSet Name="constrs_in" Type="Constrs" RelSrcDir="$PSRCDIR/constrs_1">
    <Filter Type="Constrs"/>
    <File Path="$PSRCDIR/constrs_1/new/pin.xdc">
      <FileInfo>
        <Attr Name="UsedIn" Val="synthesis"/>
        <Attr Name="UsedIn" Val="implementation"/>
      </FileInfo>
    </File>
    <Config>
      <Option Name="ConstrsType" Val="XDC"/>
    </Config>
  </FileSet>
  <FileSet Name="utils" Type="Utils" RelSrcDir="$PSRCDIR/utils_1">
    <Filter Type="Utils"/>
    <Config>
      <Option Name="TopAutoSet" Val="TRUE"/>
    </Config>
  </FileSet>
  <Strategy Version="1" Minor="2">
    <StratHandle Name="Vivado Implementation Defaults" Flow="Vivado Implementation 2018">
      <Desc>Default settings for Implementation.</Desc>
    </StratHandle>
    <Step Id="init_design"/>
    <Step Id="opt_design"/>
    <Step Id="power_opt_design"/>
    <Step Id="place_design"/>
    <Step Id="post_place_power_opt_design"/>
    <Step Id="phys_opt_design"/>
    <Step Id="route_design"/>
    <Step Id="post_route_phys_opt_design"/>
    <Step Id="write_bitstream"/>
  </Strategy>
</GenRun>
